GRAPHEME	BIPA	FEATURES
b	b	voc:0,con:1,hig:0,bac:0,low:0,ant:1,cor:0,rou:0,ten:0,voi:1,con:0,nas:0,str:0
c	ts	voc:0,con:1,hig:0,bac:0,low:0,ant:1,cor:1,rou:0,ten:0,voi:0,con:0,nas:0,str:1
d	d	voc:0,con:1,hig:0,bac:0,low:0,ant:1,cor:1,rou:0,ten:0,voi:1,con:0,nas:0,str:0
e	e	voc:1,con:0,hig:0,bac:0,low:0,ant:0,cor:0,rou:0,ten:0,voi:0,con:0,nas:0,str:0
f	f	voc:0,con:1,hig:0,bac:0,low:0,ant:1,cor:0,rou:0,ten:0,voi:0,con:1,nas:0,str:1
g	g	voc:0,con:1,hig:1,bac:1,low:0,ant:0,cor:0,rou:0,ten:0,voi:1,con:0,nas:0,str:0
gʷ	gʷ	voc:0,con:1,hig:1,bac:1,low:0,ant:0,cor:0,rou:1,ten:0,voi:1,con:0,nas:0,str:0
h	h	voc:0,con:0,hig:0,bac:0,low:1,ant:0,cor:0,rou:0,ten:0,voi:0,con:1,nas:0,str:0
i	i	voc:1,con:0,hig:1,bac:0,low:0,ant:0,cor:0,rou:0,ten:0,voi:0,con:0,nas:0,str:0
j	j	voc:0,con:0,hig:1,bac:0,low:0,ant:0,cor:0,rou:0,ten:0,voi:0,con:0,nas:0,str:0
k	k	voc:0,con:1,hig:1,bac:1,low:0,ant:0,cor:0,rou:0,ten:0,voi:0,con:0,nas:0,str:0
kʷ	kʷ	voc:0,con:1,hig:1,bac:1,low:0,ant:0,cor:0,rou:1,ten:0,voi:0,con:0,nas:0,str:0
l	l	voc:1,con:1,hig:0,bac:0,low:0,ant:1,cor:1,rou:0,ten:0,voi:1,con:1,nas:0,str:0
m	m	voc:0,con:1,hig:0,bac:0,low:0,ant:1,cor:0,rou:0,ten:0,voi:1,con:0,nas:1,str:0
n	n	voc:0,con:1,hig:0,bac:0,low:0,ant:1,cor:1,rou:0,ten:0,voi:1,con:0,nas:1,str:0
o	o	voc:1,con:0,hig:0,bac:1,low:0,ant:0,cor:0,rou:1,ten:0,voi:0,con:0,nas:0,str:0
p	p	voc:0,con:1,hig:0,bac:0,low:0,ant:1,cor:0,rou:0,ten:0,voi:0,con:0,nas:0,str:0
r	r	voc:1,con:1,hig:0,bac:0,low:0,ant:0,cor:1,rou:0,ten:0,voi:1,con:1,nas:0,str:0
s	s	voc:0,con:1,hig:0,bac:0,low:0,ant:1,cor:1,rou:0,ten:0,voi:0,con:1,nas:0,str:1
u	u	voc:1,con:0,hig:1,bac:1,low:0,ant:0,cor:0,rou:1,ten:0,voi:0,con:0,nas:0,str:0
v	v	voc:0,con:1,hig:0,bac:0,low:0,ant:1,cor:0,rou:0,ten:0,voi:1,con:1,nas:0,str:1
w	w	voc:0,con:0,hig:1,bac:1,low:0,ant:0,cor:0,rou:1,ten:0,voi:0,con:0,nas:0,str:0
x	x	voc:0,con:1,hig:1,bac:1,low:0,ant:0,cor:0,rou:0,ten:0,voi:0,con:1,nas:0,str:0
xʷ	xʷ	voc:0,con:1,hig:1,bac:1,low:0,ant:0,cor:0,rou:1,ten:0,voi:0,con:1,nas:0,str:0
y	t	voc:0,con:1,hig:0,bac:0,low:0,ant:1,cor:1,rou:0,ten:0,voi:0,con:0,nas:0,str:0
z	z	voc:0,con:1,hig:0,bac:0,low:0,ant:1,cor:1,rou:0,ten:0,voi:1,con:1,nas:0,str:1
æ	æ	voc:1,con:0,hig:0,bac:0,low:1,ant:0,cor:0,rou:0,ten:1,voi:0,con:0,nas:0,str:0
æ	æ	voc:1,con:0,hig:0,bac:0,low:1,ant:0,cor:0,rou:0,ten:0,voi:0,con:0,nas:0,str:0
ð	ð	voc:0,con:1,hig:0,bac:0,low:0,ant:1,cor:1,rou:0,ten:0,voi:1,con:1,nas:0,str:0
ā	aː	voc:1,con:0,hig:0,bac:1,low:1,ant:0,cor:0,rou:0,ten:1,voi:0,con:0,nas:0,str:0
č	tʃ	voc:0,con:1,hig:1,bac:0,low:0,ant:0,cor:1,rou:0,ten:0,voi:0,con:0,nas:0,str:1
ē	eː	voc:1,con:0,hig:0,bac:0,low:0,ant:0,cor:0,rou:0,ten:1,voi:0,con:0,nas:0,str:0
ī	iː	voc:1,con:0,hig:1,bac:0,low:0,ant:0,cor:0,rou:0,ten:1,voi:0,con:0,nas:0,str:0
ŋ	ŋ	voc:0,con:1,hig:1,bac:1,low:0,ant:0,cor:0,rou:0,ten:0,voi:1,con:0,nas:1,str:0
ō	oː	voc:1,con:0,hig:0,bac:1,low:0,ant:0,cor:0,rou:1,ten:1,voi:0,con:0,nas:0,str:0
œ̄	œː	voc:1,con:0,hig:0,bac:0,low:1,ant:0,cor:0,rou:1,ten:1,voi:0,con:0,nas:0,str:0
š	ʃ	voc:0,con:1,hig:1,bac:0,low:0,ant:0,cor:1,rou:0,ten:0,voi:0,con:1,nas:0,str:1
ū	uː	voc:1,con:0,hig:1,bac:1,low:0,ant:0,cor:0,rou:1,ten:1,voi:0,con:0,nas:0,str:0
ž	ʒ	voc:0,con:1,hig:1,bac:0,low:0,ant:0,cor:1,rou:0,ten:0,voi:1,con:1,nas:0,str:1
ǰ	dʒ	voc:0,con:1,hig:1,bac:0,low:0,ant:0,cor:1,rou:0,ten:0,voi:1,con:0,nas:0,str:1
ɔ	ɔ	voc:1,con:0,hig:0,bac:1,low:1,ant:0,cor:0,rou:1,ten:0,voi:0,con:0,nas:0,str:0
ɔ̄	ɔː	voc:1,con:0,hig:0,bac:1,low:1,ant:0,cor:0,rou:1,ten:1,voi:0,con:0,nas:0,str:0
ɛ	ɛ	voc:0,con:0,hig:0,bac:0,low:0,ant:0,cor:0,rou:0,ten:0,voi:0,con:0,nas:0,str:0
ɨ̄	ɨː	voc:1,con:0,hig:1,bac:1,low:0,ant:0,cor:0,rou:0,ten:1,voi:0,con:0,nas:0,str:0
ʌ	ʌ	voc:1,con:0,hig:0,bac:1,low:0,ant:0,cor:0,rou:0,ten:0,voi:0,con:0,nas:0,str:0
θ	θ	voc:0,con:1,hig:0,bac:0,low:0,ant:1,cor:1,rou:0,ten:0,voi:0,con:1,nas:0,str:0
